,"total_population_cvd_death_rate_per_100,000_residents_cdc_2016_2021"
0,282.4666666666667
1,239.70000000000002
2,336.76666666666665
3,324.5
4,298.59999999999997
5,312.3
6,329.50000000000006
7,382.3333333333333
8,286.3666666666667
9,287.53333333333336
10,323.26666666666665
11,349.0
12,318.93333333333334
13,335.7666666666667
14,342.3666666666666
15,319.7
16,316.3333333333333
17,339.0333333333333
18,286.26666666666665
19,335.79999999999995
20,327.49999999999994
21,345.2
22,307.56666666666666
23,403.8
24,331.43333333333334
25,314.93333333333334
26,326.7
27,346.7
28,321.53333333333336
29,324.70000000000005
30,308.5
31,313.2666666666667
32,320.43333333333334
33,287.4666666666667
34,305.7
35,356.0
36,274.8666666666666
37,296.26666666666665
38,266.96666666666664
39,323.36666666666673
40,217.66666666666666
41,302.23333333333335
42,350.1666666666667
43,368.0333333333333
44,262.59999999999997
45,348.7666666666667
46,325.93333333333334
47,321.6666666666667
48,317.09999999999997
49,308.0
50,260.93333333333334
51,313.53333333333336
52,344.6666666666667
53,315.5
54,302.43333333333334
55,332.7333333333333
56,271.8
57,217.20000000000002
58,276.59999999999997
59,323.8
60,349.43333333333334
61,314.06666666666666
62,293.06666666666666
63,484.7333333333333
64,295.96666666666664
65,381.4666666666667
66,307.73333333333335
67,88.10000000000001
68,127.26666666666667
69,182.03333333333333
70,259.6666666666667
71,0.0
72,0.0
73,58.5
74,170.76666666666665
75,272.23333333333335
76,207.5
77,179.76666666666665
78,176.36666666666667
79,181.9333333333333
80,187.66666666666666
81,185.13333333333333
82,184.19999999999996
83,19.400000000000002
84,214.0666666666667
85,172.1
86,312.7
87,218.23333333333335
88,279.90000000000003
89,166.83333333333334
90,201.4666666666667
91,142.76666666666668
92,153.5
93,204.20000000000002
94,176.4333333333333
95,70.33333333333333
96,194.1
97,199.56666666666663
98,206.5666666666667
99,157.6
100,229.23333333333335
101,212.5
102,208.86666666666665
103,237.80000000000004
104,186.20000000000002
105,259.2
106,216.5333333333333
107,189.16666666666666
108,168.56666666666666
109,167.53333333333333
110,186.0
111,183.46666666666667
112,326.1333333333333
113,318.7
114,247.23333333333335
115,215.76666666666665
116,307.8
117,359.56666666666666
118,319.1666666666667
119,275.8666666666666
120,334.6333333333333
121,305.26666666666665
122,295.1666666666667
123,231.13333333333335
124,312.46666666666664
125,308.43333333333334
126,281.7
127,289.8333333333333
128,278.09999999999997
129,295.23333333333335
130,307.8666666666667
131,306.06666666666666
132,410.09999999999997
133,282.3333333333333
134,256.43333333333334
135,302.6666666666667
136,268.2666666666667
137,284.73333333333335
138,276.56666666666666
139,271.53333333333336
140,322.1333333333334
141,292.5
142,338.79999999999995
143,350.4333333333334
144,269.90000000000003
145,306.1666666666667
146,329.99999999999994
147,294.1333333333334
148,306.26666666666665
149,293.3666666666666
150,327.3
151,330.3
152,331.8333333333333
153,301.3666666666666
154,260.53333333333336
155,345.59999999999997
156,292.7666666666667
157,338.3333333333333
158,364.8
159,354.0333333333333
160,284.3333333333333
161,316.03333333333336
162,294.59999999999997
163,310.6
164,261.1666666666667
165,262.3666666666667
166,308.06666666666666
167,368.59999999999997
168,306.53333333333336
169,270.2
170,278.0
171,245.83333333333334
172,272.8333333333333
173,235.73333333333335
174,297.3333333333333
175,272.0
176,298.53333333333336
177,298.7
178,301.6666666666667
179,323.3333333333333
180,233.19999999999996
181,300.96666666666664
182,252.33333333333334
183,355.2
184,312.6
185,320.5
186,307.43333333333334
187,169.53333333333333
188,243.9
189,215.79999999999998
190,227.9
191,210.46666666666667
192,208.73333333333335
193,166.83333333333334
194,224.29999999999998
195,174.4
196,245.16666666666666
197,227.73333333333332
198,273.8666666666666
199,191.46666666666667
200,241.23333333333335
201,258.06666666666666
202,229.73333333333335
203,210.63333333333333
204,237.63333333333335
205,204.66666666666666
206,211.73333333333335
207,126.2
208,223.66666666666666
209,196.86666666666667
210,223.0333333333333
211,246.46666666666667
212,157.6
213,156.70000000000002
214,174.86666666666665
215,177.4333333333333
216,181.5333333333333
217,177.76666666666665
218,223.1
219,229.63333333333333
220,213.26666666666665
221,180.4333333333333
222,255.4
223,187.29999999999998
224,156.63333333333333
225,227.36666666666667
226,188.4666666666667
227,151.9
228,180.03333333333333
229,149.16666666666666
230,151.23333333333335
231,255.4
232,233.16666666666666
233,231.70000000000002
234,183.9666666666667
235,173.76666666666665
236,246.19999999999996
237,220.5333333333333
238,243.26666666666665
239,223.16666666666666
240,258.4666666666667
241,213.9
242,185.83333333333334
243,183.5
244,264.3
245,188.83333333333334
246,222.4333333333333
247,162.26666666666665
248,186.96666666666667
249,216.83333333333334
250,244.13333333333333
251,154.86666666666667
252,148.96666666666667
253,149.63333333333333
254,195.5666666666667
255,150.06666666666666
256,212.39999999999998
257,158.76666666666665
258,198.86666666666667
259,187.73333333333332
260,223.5666666666667
261,183.36666666666667
262,177.4
263,127.23333333333335
264,75.5
265,199.4
266,158.9
267,212.16666666666666
268,161.70000000000002
269,165.16666666666666
270,110.23333333333335
271,152.36666666666665
272,163.9
273,198.66666666666666
274,157.66666666666666
275,182.63333333333335
276,233.13333333333333
277,177.9333333333333
278,183.13333333333333
279,100.16666666666667
280,163.13333333333333
281,196.13333333333333
282,192.73333333333335
283,177.33333333333334
284,223.66666666666666
285,173.80000000000004
286,195.0666666666667
287,185.96666666666667
288,191.9333333333333
289,181.29999999999998
290,254.0666666666667
291,123.5
292,124.03333333333332
293,187.46666666666667
294,68.2
295,225.76666666666665
296,193.70000000000002
297,178.53333333333333
298,200.29999999999998
299,100.13333333333333
300,153.6
301,157.23333333333332
302,69.93333333333334
303,188.86666666666667
304,78.66666666666667
305,166.83333333333334
306,173.4333333333333
307,170.1
308,188.76666666666665
309,166.0
310,186.26666666666665
311,180.29999999999998
312,180.30000000000004
313,188.1
314,187.63333333333333
315,187.9666666666667
316,210.83333333333334
317,238.16666666666666
318,216.46666666666667
319,215.5
320,244.4
321,183.4
322,247.9
323,235.5333333333333
324,223.6
325,220.9
326,211.1
327,249.4
328,157.13333333333333
329,292.3333333333333
330,220.4
331,134.66666666666666
332,234.9
333,164.26666666666665
334,222.73333333333335
335,247.63333333333333
336,251.0666666666667
337,207.1
338,243.46666666666667
339,228.16666666666666
340,205.5
341,168.36666666666667
342,235.69999999999996
343,257.76666666666665
344,216.5
345,239.53333333333333
346,233.13333333333335
347,212.5
348,209.79999999999998
349,328.3
350,186.46666666666667
351,267.3333333333333
352,218.83333333333334
353,251.83333333333334
354,209.4333333333333
355,153.5
356,202.4333333333333
357,247.79999999999998
358,232.46666666666667
359,283.7333333333333
360,167.5666666666667
361,248.5666666666667
362,166.23333333333332
363,206.23333333333335
364,174.1
365,224.79999999999998
366,209.5
367,248.86666666666667
368,212.36666666666665
369,227.4666666666667
370,173.83333333333334
371,210.73333333333335
372,184.20000000000002
373,225.4
374,223.83333333333334
375,221.0
376,146.63333333333333
377,204.0666666666667
378,157.76666666666668
379,195.93333333333337
380,175.5666666666667
381,246.79999999999998
382,250.4333333333333
383,329.1666666666667
384,243.86666666666665
385,237.13333333333333
386,201.16666666666666
387,319.3
388,299.43333333333334
389,320.8
390,332.8666666666666
391,285.59999999999997
392,336.1333333333333
393,238.20000000000002
394,236.5
395,285.43333333333334
396,334.7
397,297.8
398,330.7333333333333
399,280.7333333333333
400,285.8666666666666
401,276.3
402,246.9333333333333
403,251.76666666666665
404,291.1333333333333
405,262.8
406,278.3
407,255.46666666666667
408,309.2666666666667
409,290.0333333333333
410,247.23333333333335
411,233.0333333333333
412,240.80000000000004
413,226.66666666666666
414,327.90000000000003
415,203.9
416,238.4
417,314.8333333333333
418,270.8333333333333
419,426.5
420,200.89999999999998
421,313.7
422,259.23333333333335
423,171.73333333333335
424,309.4
425,237.16666666666666
426,308.7333333333333
427,281.2
428,311.3
429,204.16666666666666
430,324.06666666666666
431,185.0666666666667
432,259.93333333333334
433,270.59999999999997
434,267.8333333333333
435,284.1
436,341.2333333333333
437,231.73333333333335
438,256.0333333333333
439,278.23333333333335
440,365.8999999999999
441,258.8333333333333
442,231.4
443,179.83333333333334
444,322.06666666666666
445,176.46666666666667
446,324.3666666666667
447,203.5
448,243.20000000000002
449,297.23333333333335
450,231.0
451,284.9666666666667
452,260.56666666666666
453,233.73333333333335
454,175.26666666666665
455,228.0666666666667
456,200.86666666666665
457,291.2666666666667
458,325.9666666666667
459,210.16666666666666
460,244.69999999999996
461,281.40000000000003
462,247.5666666666667
463,275.3666666666667
464,317.6333333333333
465,266.3
466,263.26666666666665
467,337.43333333333334
468,329.56666666666666
469,284.59999999999997
470,289.8
471,246.9
472,287.43333333333334
473,256.8
474,298.00000000000006
475,275.7
476,256.3333333333333
477,226.0666666666667
478,216.73333333333335
479,275.40000000000003
480,220.9333333333333
481,316.59999999999997
482,257.56666666666666
483,296.3
484,304.70000000000005
485,215.20000000000002
486,332.6666666666667
487,336.6333333333334
488,279.8333333333333
489,241.79999999999998
490,287.4
491,244.5666666666667
492,272.56666666666666
493,337.8
494,257.3333333333333
495,214.0666666666667
496,224.9333333333333
497,249.73333333333332
498,315.7
499,242.1
500,298.76666666666665
501,254.76666666666668
502,344.7
503,270.40000000000003
504,256.1333333333333
505,321.3333333333333
506,219.1
507,284.2333333333333
508,307.0
509,226.4666666666667
510,236.36666666666665
511,269.03333333333336
512,298.6333333333334
513,278.23333333333335
514,307.1666666666667
515,253.43333333333337
516,304.46666666666664
517,294.76666666666665
518,262.3
519,301.09999999999997
520,287.00000000000006
521,223.13333333333333
522,268.56666666666666
523,266.2
524,313.93333333333334
525,298.59999999999997
526,220.6
527,315.46666666666664
528,335.2333333333333
529,299.1333333333334
530,314.6666666666667
531,222.83333333333334
532,387.43333333333334
533,338.8666666666666
534,260.8
535,327.53333333333336
536,316.0333333333333
537,272.40000000000003
538,278.56666666666666
539,269.3
540,235.6
541,213.83333333333334
542,244.86666666666667
543,273.06666666666666
544,298.8
545,324.06666666666666
546,255.4
547,192.0
548,172.16666666666666
549,168.5
550,172.5
551,170.33333333333331
552,187.69999999999996
553,153.23333333333335
554,244.26666666666665
555,197.86666666666667
556,204.9333333333333
557,238.16666666666666
558,118.43333333333332
559,165.13333333333333
560,193.29999999999998
561,234.03333333333333
562,192.26666666666665
563,230.56666666666663
564,186.70000000000002
565,223.9333333333333
566,235.66666666666666
567,224.66666666666666
568,222.36666666666667
569,194.6
570,175.6
571,208.29999999999998
572,198.9333333333333
573,235.86666666666665
574,238.63333333333333
575,217.20000000000002
576,175.96666666666667
577,236.20000000000002
578,219.53333333333333
579,198.5666666666667
580,174.9333333333333
581,206.53333333333333
582,186.16666666666666
583,188.13333333333333
584,267.93333333333334
585,215.6
586,199.5666666666667
587,224.20000000000002
588,210.66666666666666
589,231.6
590,200.6
591,210.1
592,168.16666666666666
593,213.53333333333333
594,121.43333333333334
595,221.29999999999998
596,219.69999999999996
597,296.8666666666667
598,264.5
599,210.16666666666666
600,249.63333333333333
601,245.96666666666667
602,210.03333333333333
603,233.76666666666665
604,249.20000000000002
605,181.03333333333333
606,224.66666666666666
607,275.7
608,271.6666666666667
609,251.70000000000002
610,247.76666666666665
611,226.23333333333335
612,259.46666666666664
613,232.86666666666667
614,242.36666666666667
615,214.1
616,202.16666666666666
617,178.83333333333334
618,265.1333333333333
619,255.1
620,219.96666666666667
621,220.03333333333333
622,258.76666666666665
623,239.26666666666665
624,247.70000000000002
625,278.56666666666666
626,255.66666666666666
627,227.83333333333334
628,262.56666666666666
629,234.86666666666667
630,287.26666666666665
631,253.86666666666665
632,240.9333333333333
633,270.3
634,224.9666666666667
635,236.80000000000004
636,270.2
637,268.9666666666667
638,196.5333333333333
639,208.29999999999998
640,186.86666666666667
641,281.29999999999995
642,177.53333333333333
643,246.4333333333333
644,169.96666666666667
645,243.63333333333335
646,245.30000000000004
647,235.29999999999998
648,245.13333333333333
649,218.9333333333333
650,227.4
651,255.66666666666666
652,274.4666666666667
653,300.76666666666665
654,237.79999999999998
655,233.79999999999998
656,257.1666666666667
657,260.93333333333334
658,200.70000000000002
659,202.73333333333335
660,205.70000000000002
661,234.03333333333333
662,224.9333333333333
663,236.26666666666665
664,268.4666666666667
665,241.13333333333335
666,224.9333333333333
667,229.80000000000004
668,236.4
669,211.73333333333335
670,236.63333333333333
671,226.86666666666667
672,270.0
673,243.70000000000002
674,237.63333333333333
675,249.29999999999998
676,231.29999999999998
677,263.16666666666663
678,218.13333333333333
679,248.86666666666665
680,249.63333333333335
681,225.33333333333334
682,259.9
683,239.16666666666666
684,199.66666666666666
685,219.53333333333333
686,271.3666666666667
687,255.6
688,242.26666666666665
689,258.3
690,247.36666666666665
691,271.8
692,261.8333333333333
693,238.5
694,219.16666666666666
695,213.6
696,240.5
697,215.4333333333333
698,214.56666666666663
699,236.69999999999996
700,218.30000000000004
701,242.4333333333333
702,259.03333333333336
703,232.69999999999996
704,205.23333333333335
705,195.03333333333333
706,217.29999999999998
707,264.3666666666667
708,286.20000000000005
709,228.53333333333333
710,261.90000000000003
711,254.4333333333333
712,229.80000000000004
713,245.0
714,237.29999999999998
715,273.56666666666666
716,248.66666666666666
717,236.39999999999998
718,296.53333333333336
719,236.63333333333333
720,260.43333333333334
721,227.80000000000004
722,259.1666666666667
723,250.9333333333333
724,259.8333333333333
725,250.9
726,175.5
727,206.66666666666666
728,224.33333333333334
729,212.0666666666667
730,250.33333333333334
731,273.93333333333334
732,242.66666666666666
733,249.13333333333333
734,256.93333333333334
735,231.33333333333334
736,268.09999999999997
737,261.23333333333335
738,233.20000000000002
739,260.4666666666667
740,234.83333333333334
741,237.6
742,258.59999999999997
743,273.0
744,246.03333333333333
745,239.13333333333333
746,238.73333333333335
747,242.76666666666665
748,253.20000000000002
749,256.7666666666667
750,202.26666666666665
751,258.93333333333334
752,251.83333333333334
753,265.6666666666667
754,238.23333333333332
755,199.66666666666666
756,259.43333333333334
757,253.46666666666667
758,244.4333333333333
759,255.66666666666666
760,244.53333333333333
761,217.4666666666667
762,220.23333333333335
763,262.09999999999997
764,228.0666666666667
765,266.8666666666666
766,247.73333333333335
767,240.79999999999998
768,280.3333333333333
769,227.73333333333335
770,252.16666666666666
771,247.4
772,283.00000000000006
773,224.13333333333333
774,282.8333333333333
775,223.26666666666665
776,203.03333333333333
777,225.5
778,250.76666666666665
779,240.46666666666667
780,312.0333333333333
781,299.3666666666667
782,245.79999999999998
783,245.86666666666667
784,240.73333333333335
785,270.53333333333336
786,296.9666666666667
787,237.36666666666667
788,232.33333333333334
789,236.13333333333333
790,220.1
791,253.33333333333334
792,252.80000000000004
793,261.93333333333334
794,213.29999999999998
795,196.83333333333334
796,232.5666666666667
797,236.36666666666665
798,227.86666666666667
799,220.9
800,213.66666666666666
801,239.60000000000002
802,224.86666666666665
803,212.9333333333333
804,241.0666666666667
805,203.16666666666666
806,240.13333333333335
807,205.53333333333333
808,276.46666666666664
809,245.96666666666667
810,210.4
811,197.63333333333333
812,233.20000000000002
813,201.9333333333333
814,178.03333333333333
815,242.86666666666667
816,262.40000000000003
817,200.73333333333335
818,231.9333333333333
819,209.53333333333333
820,202.9333333333333
821,205.73333333333335
822,248.03333333333333
823,258.40000000000003
824,236.76666666666665
825,223.4333333333333
826,222.23333333333335
827,241.86666666666667
828,197.16666666666666
829,205.5
830,229.70000000000002
831,227.4
832,222.0
833,248.4666666666667
834,298.76666666666665
835,235.96666666666667
836,214.33333333333334
837,215.29999999999998
838,224.86666666666667
839,194.46666666666667
840,243.0666666666667
841,193.63333333333335
842,200.5666666666667
843,228.13333333333335
844,219.33333333333334
845,277.03333333333336
846,193.23333333333335
847,208.66666666666666
848,245.76666666666665
849,168.83333333333334
850,199.46666666666667
851,263.8666666666666
852,221.03333333333333
853,277.86666666666673
854,190.39999999999998
855,251.36666666666667
856,295.6333333333333
857,271.23333333333335
858,272.73333333333335
859,212.66666666666666
860,207.9
861,185.9666666666667
862,235.23333333333335
863,213.16666666666666
864,154.63333333333333
865,235.5
866,213.70000000000002
867,226.63333333333333
868,213.9
869,257.0
870,216.9666666666667
871,221.6
872,224.23333333333332
873,153.96666666666667
874,166.0
875,234.5666666666667
876,245.63333333333333
877,238.5
878,260.76666666666665
879,275.40000000000003
880,226.69999999999996
881,202.29999999999998
882,262.3
883,263.0
884,219.1
885,195.4
886,213.66666666666666
887,210.19999999999996
888,239.5666666666667
889,261.76666666666665
890,238.29999999999998
891,236.9333333333333
892,302.9
893,223.5
894,262.1333333333333
895,281.5333333333333
896,231.13333333333333
897,233.53333333333333
898,272.0333333333333
899,330.6666666666667
900,176.6
901,242.23333333333335
902,202.66666666666666
903,246.29999999999998
904,249.63333333333333
905,275.1333333333333
906,248.63333333333333
907,274.5
908,210.53333333333333
909,236.0666666666667
910,243.76666666666665
911,189.4
912,241.6
913,256.0
914,197.33333333333334
915,221.16666666666666
916,168.2
917,233.06666666666663
918,248.76666666666665
919,304.6333333333333
920,201.29999999999998
921,206.5666666666667
922,192.5666666666667
923,190.4
924,207.26666666666665
925,238.20000000000002
926,211.79999999999998
927,251.5666666666667
928,226.20000000000002
929,191.9333333333333
930,228.4666666666667
931,236.4
932,208.76666666666665
933,230.79999999999998
934,181.9
935,171.23333333333335
936,309.2
937,246.5
938,293.59999999999997
939,188.5666666666667
940,217.5333333333333
941,209.76666666666665
942,252.16666666666666
943,183.76666666666665
944,226.73333333333335
945,222.23333333333335
946,196.46666666666667
947,210.66666666666666
948,233.5666666666667
949,206.43333333333337
950,239.86666666666665
951,315.6666666666667
952,231.4666666666667
953,275.5333333333333
954,191.26666666666665
955,268.1333333333333
956,200.63333333333333
957,205.6
958,227.6
959,211.6
960,214.16666666666666
961,228.96666666666667
962,206.29999999999998
963,204.76666666666665
964,237.03333333333333
965,200.5666666666667
966,213.9333333333333
967,224.73333333333335
968,223.63333333333335
969,195.66666666666666
970,201.79999999999998
971,222.86666666666665
972,227.70000000000002
973,204.26666666666665
974,177.16666666666666
975,228.33333333333334
976,237.46666666666667
977,217.5
978,190.1
979,188.29999999999998
980,215.13333333333333
981,217.03333333333333
982,207.63333333333333
983,188.63333333333335
984,230.9
985,187.36666666666665
986,200.33333333333334
987,205.83333333333334
988,183.73333333333335
989,205.76666666666665
990,195.19999999999996
991,273.46666666666664
992,261.3
993,255.86666666666667
994,293.06666666666666
995,259.1333333333333
996,240.5333333333333
997,282.4666666666667
998,268.1666666666667
999,326.6333333333333
1000,375.4666666666667
1001,199.13333333333333
1002,265.0333333333333
1003,312.9
1004,239.83333333333334
1005,272.23333333333335
1006,457.3999999999999
1007,241.4333333333333
1008,203.76666666666665
1009,262.93333333333334
1010,319.1666666666667
1011,274.8333333333333
1012,224.89999999999998
1013,266.26666666666665
1014,282.36666666666673
1015,286.1666666666667
1016,246.86666666666667
1017,306.1333333333333
1018,290.3666666666667
1019,356.5
1020,280.6666666666667
1021,336.3333333333333
1022,311.59999999999997
1023,256.23333333333335
1024,249.03333333333333
1025,249.76666666666665
1026,311.2333333333333
1027,197.96666666666667
1028,289.2333333333333
1029,339.90000000000003
1030,263.3
1031,376.8333333333333
1032,286.40000000000003
1033,232.4
1034,274.59999999999997
1035,271.23333333333335
1036,257.2666666666667
1037,289.8
1038,269.3333333333333
1039,267.06666666666666
1040,213.4333333333333
1041,426.43333333333334
1042,302.03333333333336
1043,284.03333333333336
1044,252.26666666666665
1045,221.0
1046,293.1333333333334
1047,314.50000000000006
1048,353.06666666666666
1049,230.79999999999998
1050,196.66666666666666
1051,323.66666666666663
1052,214.80000000000004
1053,305.56666666666666
1054,288.5
1055,242.53333333333333
1056,300.3666666666666
1057,300.8666666666667
1058,359.1333333333334
1059,365.9333333333334
1060,303.1333333333334
1061,308.06666666666666
1062,255.60000000000002
1063,274.73333333333335
1064,264.5
1065,269.3
1066,243.0
1067,320.3333333333333
1068,239.4333333333333
1069,257.1666666666667
1070,302.1666666666667
1071,304.8666666666666
1072,248.33333333333334
1073,333.8333333333333
1074,279.86666666666673
1075,233.9
1076,260.5
1077,244.0
1078,297.9666666666667
1079,321.8333333333333
1080,314.06666666666666
1081,250.86666666666667
1082,306.1333333333334
1083,232.53333333333333
1084,311.1333333333333
1085,294.0
1086,189.46666666666667
1087,270.40000000000003
1088,382.8666666666666
1089,254.16666666666666
1090,463.6666666666667
1091,308.6666666666667
1092,369.6666666666667
1093,267.8
1094,314.9666666666667
1095,280.06666666666666
1096,258.06666666666666
1097,287.06666666666666
1098,286.93333333333334
1099,212.0666666666667
1100,287.5333333333333
1101,228.36666666666667
1102,289.2
1103,288.03333333333336
1104,303.23333333333335
1105,279.1
1106,261.3
1107,246.93333333333337
1108,242.26666666666665
1109,265.06666666666666
1110,301.3
1111,382.0
1112,452.7
1113,213.63333333333335
1114,320.7
1115,308.76666666666665
1116,239.86666666666665
1117,280.6333333333334
1118,356.3666666666666
1119,324.3666666666667
1120,274.1333333333333
1121,254.76666666666665
1122,248.5
1123,371.9666666666667
1124,430.2
1125,340.3
1126,403.1333333333334
1127,268.7
1128,355.6333333333334
1129,262.7666666666667
1130,271.2666666666667
1131,331.7
1132,343.93333333333334
1133,323.90000000000003
1134,489.6333333333334
1135,297.3333333333333
1136,341.7
1137,262.09999999999997
1138,297.1666666666667
1139,332.9666666666667
1140,234.29999999999998
1141,254.80000000000004
1142,253.66666666666666
1143,305.90000000000003
1144,219.1
1145,260.7666666666667
1146,392.73333333333335
1147,401.59999999999997
1148,309.03333333333336
1149,233.1
1150,241.63333333333333
1151,231.80000000000004
1152,313.6666666666667
1153,360.5
1154,262.29999999999995
1155,360.59999999999997
1156,291.3666666666667
1157,233.5
1158,253.66666666666666
1159,282.5333333333333
1160,273.7
1161,315.8333333333333
1162,330.59999999999997
1163,304.4666666666667
1164,295.59999999999997
1165,211.83333333333334
1166,301.8333333333333
1167,419.3666666666666
1168,277.26666666666665
1169,250.46666666666667
1170,326.56666666666666
1171,348.73333333333335
1172,313.3333333333333
1173,309.3333333333333
1174,238.93333333333337
1175,346.8666666666666
1176,221.86666666666667
1177,344.5333333333333
1178,220.66666666666666
1179,209.9
1180,171.29999999999998
1181,207.36666666666667
1182,191.4
1183,216.83333333333334
1184,199.53333333333333
1185,187.20000000000002
1186,190.0666666666667
1187,215.23333333333335
1188,220.9333333333333
1189,186.0666666666667
1190,224.9
1191,213.23333333333332
1192,225.4
1193,170.9333333333333
1194,276.46666666666664
1195,222.70000000000002
1196,241.73333333333335
1197,307.6333333333334
1198,225.33333333333334
1199,258.8666666666666
1200,216.33333333333334
1201,277.66666666666663
1202,227.63333333333335
1203,287.23333333333335
1204,201.19999999999996
1205,272.4666666666667
1206,220.53333333333333
1207,162.3
1208,230.73333333333332
1209,138.66666666666666
1210,234.63333333333335
1211,209.66666666666666
1212,344.93333333333334
1213,219.79999999999998
1214,193.70000000000002
1215,248.86666666666665
1216,327.6666666666667
1217,243.16666666666666
1218,176.26666666666665
1219,197.4333333333333
1220,183.33333333333334
1221,168.83333333333334
1222,171.23333333333335
1223,187.66666666666666
1224,199.76666666666665
1225,182.73333333333335
1226,151.70000000000002
1227,172.36666666666667
1228,155.6
1229,176.76666666666665
1230,154.96666666666667
1231,184.4333333333333
1232,292.43333333333334
1233,220.9333333333333
1234,210.5333333333333
1235,282.6666666666667
1236,222.5666666666667
1237,287.0333333333333
1238,222.70000000000002
1239,228.1
1240,279.43333333333334
1241,205.79999999999998
1242,286.09999999999997
1243,247.86666666666667
1244,262.3
1245,248.16666666666666
1246,223.9
1247,241.9333333333333
1248,219.4
1249,304.5
1250,213.0666666666667
1251,250.76666666666665
1252,236.0666666666667
1253,218.16666666666666
1254,234.66666666666666
1255,228.23333333333335
1256,295.06666666666666
1257,286.23333333333335
1258,239.23333333333335
1259,221.0
1260,275.3
1261,270.73333333333335
1262,226.73333333333335
1263,268.8666666666667
1264,222.23333333333335
1265,233.0
1266,289.43333333333334
1267,223.86666666666665
1268,268.76666666666665
1269,275.90000000000003
1270,212.36666666666665
1271,265.3333333333333
1272,220.30000000000004
1273,215.16666666666666
1274,244.4666666666667
1275,271.93333333333334
1276,195.70000000000002
1277,273.8333333333333
1278,234.13333333333333
1279,217.4666666666667
1280,219.86666666666667
1281,256.6666666666667
1282,229.5666666666667
1283,218.79999999999998
1284,236.53333333333333
1285,262.2
1286,242.6
1287,207.4
1288,267.8666666666667
1289,251.19999999999996
1290,237.20000000000002
1291,268.8666666666666
1292,229.16666666666666
1293,228.96666666666667
1294,243.46666666666667
1295,234.6
1296,287.06666666666666
1297,236.5
1298,248.86666666666667
1299,280.6333333333333
1300,249.16666666666666
1301,192.0
1302,266.0
1303,284.1666666666667
1304,236.5666666666667
1305,278.43333333333334
1306,232.73333333333335
1307,273.3
1308,278.1333333333333
1309,254.9
1310,260.1666666666667
1311,258.03333333333336
1312,209.1
1313,317.8
1314,241.23333333333335
1315,191.4
1316,144.4
1317,175.33333333333334
1318,185.23333333333335
1319,179.46666666666667
1320,204.6
1321,177.26666666666665
1322,161.06666666666666
1323,204.70000000000002
1324,144.9333333333333
1325,165.53333333333333
1326,178.69999999999996
1327,178.16666666666666
1328,174.4333333333333
1329,200.9333333333333
1330,150.13333333333333
1331,206.70000000000002
1332,163.79999999999998
1333,146.70000000000002
1334,187.76666666666665
1335,177.29999999999998
1336,206.0666666666667
1337,197.76666666666665
1338,199.26666666666665
1339,191.73333333333335
1340,191.03333333333333
1341,151.66666666666666
1342,192.5
1343,170.53333333333333
1344,182.36666666666667
1345,189.76666666666665
1346,197.66666666666666
1347,191.83333333333334
1348,161.83333333333334
1349,198.83333333333334
1350,189.9333333333333
1351,195.46666666666667
1352,183.0333333333333
1353,202.63333333333335
1354,168.73333333333335
1355,185.1
1356,167.63333333333333
1357,203.20000000000002
1358,197.76666666666665
1359,192.1
1360,178.0333333333333
1361,173.26666666666665
1362,190.73333333333335
1363,158.63333333333335
1364,199.0
1365,177.23333333333335
1366,168.33333333333334
1367,179.4
1368,181.26666666666665
1369,169.4
1370,199.16666666666666
1371,190.79999999999998
1372,199.23333333333335
1373,197.36666666666667
1374,202.30000000000004
1375,167.83333333333334
1376,172.0666666666667
1377,196.20000000000002
1378,188.6
1379,172.4
1380,164.13333333333333
1381,208.16666666666666
1382,210.9333333333333
1383,150.60000000000002
1384,156.03333333333333
1385,156.23333333333332
1386,190.03333333333333
1387,146.03333333333333
1388,186.76666666666668
1389,190.6
1390,182.1
1391,147.4
1392,233.66666666666666
1393,180.1
1394,199.0666666666667
1395,187.33333333333334
1396,145.76666666666668
1397,195.36666666666667
1398,214.6
1399,189.46666666666667
1400,157.63333333333333
1401,175.6
1402,269.76666666666665
1403,339.53333333333336
1404,335.3666666666666
1405,302.9
1406,297.83333333333337
1407,379.4666666666667
1408,355.3
1409,295.56666666666666
1410,303.36666666666673
1411,303.2
1412,385.56666666666666
1413,365.8999999999999
1414,290.09999999999997
1415,363.8666666666666
1416,315.23333333333335
1417,362.96666666666664
1418,271.00000000000006
1419,287.59999999999997
1420,304.0
1421,372.2
1422,329.93333333333334
1423,398.8333333333333
1424,258.59999999999997
1425,335.1666666666667
1426,312.40000000000003
1427,397.3333333333333
1428,400.7
1429,299.3333333333333
1430,316.3
1431,281.59999999999997
1432,330.3333333333333
1433,326.8
1434,295.09999999999997
1435,311.59999999999997
1436,314.59999999999997
1437,282.7
1438,223.1
1439,344.1333333333334
1440,331.46666666666664
1441,293.23333333333335
1442,290.5333333333333
1443,477.09999999999997
1444,329.5333333333333
1445,300.26666666666665
1446,282.2666666666667
1447,318.7
1448,280.7666666666667
1449,294.53333333333336
1450,352.2
1451,414.59999999999997
1452,325.06666666666666
1453,329.93333333333334
1454,266.03333333333336
1455,375.4666666666667
1456,284.59999999999997
1457,291.3333333333333
1458,385.76666666666665
1459,262.76666666666665
1460,324.3
1461,373.2
1462,227.0666666666667
1463,302.8
1464,328.46666666666664
1465,308.0
1466,258.3666666666666
1467,300.8666666666667
1468,344.59999999999997
1469,339.2333333333333
1470,313.73333333333335
1471,326.3666666666666
1472,384.6666666666667
1473,445.59999999999997
1474,305.40000000000003
1475,331.0
1476,310.43333333333334
1477,342.7
1478,305.46666666666664
1479,374.06666666666666
1480,370.8999999999999
1481,313.5
1482,412.59999999999997
1483,266.4
1484,223.76666666666665
1485,228.46666666666667
1486,215.80000000000004
1487,257.6
1488,288.43333333333334
1489,278.8333333333333
1490,263.93333333333334
1491,242.06666666666663
1492,279.3
1493,199.26666666666665
1494,259.4666666666667
1495,286.7
1496,227.4
1497,224.5
1498,194.96666666666667
1499,271.03333333333336
1500,260.43333333333334
1501,296.7
1502,211.80000000000004
1503,276.2
1504,250.23333333333335
1505,207.29999999999998
1506,273.73333333333335
1507,195.16666666666666
1508,242.13333333333333
1509,215.4
1510,272.5
1511,344.8
1512,271.8333333333333
1513,261.1666666666667
1514,252.63333333333333
1515,239.23333333333335
1516,265.2
1517,302.9
1518,376.5
1519,245.53333333333333
1520,235.6
1521,225.9333333333333
1522,248.36666666666665
1523,244.6
1524,254.0666666666667
1525,286.76666666666665
1526,224.13333333333333
1527,214.10000000000002
1528,251.53333333333333
1529,280.76666666666665
1530,348.1666666666667
1531,224.29999999999998
1532,286.6666666666667
1533,252.36666666666667
1534,246.36666666666665
1535,250.19999999999996
1536,299.8333333333333
1537,244.76666666666665
1538,279.8333333333333
1539,288.3333333333333
1540,233.76666666666665
1541,282.23333333333335
1542,218.63333333333335
1543,268.1333333333334
1544,290.1666666666667
1545,262.1666666666667
1546,252.16666666666666
1547,268.1333333333334
1548,257.8333333333333
1549,261.40000000000003
1550,363.0333333333333
1551,260.63333333333327
1552,254.33333333333334
1553,299.00000000000006
1554,289.40000000000003
1555,337.0
1556,285.09999999999997
1557,217.26666666666665
1558,285.03333333333336
1559,211.0
1560,260.23333333333335
1561,418.6666666666667
1562,253.23333333333335
1563,265.56666666666666
1564,246.33333333333334
1565,263.26666666666665
1566,187.60000000000002
1567,258.46666666666664
1568,261.9666666666667
1569,237.5666666666667
1570,247.4
1571,285.7333333333333
1572,239.5666666666667
1573,299.1666666666667
1574,308.3666666666667
1575,253.36666666666667
1576,223.23333333333335
1577,226.9
1578,309.43333333333334
1579,282.6333333333334
1580,277.90000000000003
1581,192.6
1582,271.93333333333334
1583,283.8
1584,234.56666666666663
1585,283.7
1586,244.16666666666666
1587,292.76666666666665
1588,263.6333333333333
1589,260.43333333333334
1590,319.59999999999997
1591,283.2
1592,269.3666666666666
1593,212.4333333333333
1594,346.06666666666666
1595,282.76666666666665
1596,273.90000000000003
1597,228.16666666666666
1598,328.1666666666667
1599,198.83333333333334
1600,246.53333333333333
1601,256.1333333333333
1602,185.4333333333333
1603,185.9
1604,208.0
1605,190.4
1606,194.63333333333335
1607,211.53333333333333
1608,242.4
1609,196.0
1610,251.76666666666665
1611,200.9
1612,231.6
1613,199.5
1614,165.5666666666667
1615,214.79999999999998
1616,231.6
1617,224.20000000000002
1618,202.0
1619,281.0
1620,225.66666666666666
1621,197.1
1622,199.5666666666667
1623,193.4666666666667
1624,203.79999999999998
1625,194.26666666666665
1626,171.70000000000002
1627,222.4666666666667
1628,180.0666666666667
1629,206.9333333333333
1630,198.23333333333335
1631,227.73333333333335
1632,170.0
1633,232.6
1634,238.0666666666667
1635,199.9333333333333
1636,209.06666666666663
1637,206.9
1638,196.23333333333335
1639,196.5
1640,209.5666666666667
1641,320.8666666666667
1642,228.0666666666667
1643,200.13333333333333
1644,186.19999999999996
1645,277.9666666666667
1646,199.66666666666666
1647,177.23333333333335
1648,192.79999999999998
1649,236.36666666666667
1650,228.0
1651,247.19999999999996
1652,222.23333333333335
1653,211.36666666666667
1654,225.70000000000002
1655,198.13333333333335
1656,207.86666666666665
1657,194.0666666666667
1658,189.66666666666666
1659,210.23333333333335
1660,214.6
1661,209.76666666666665
1662,261.56666666666666
1663,206.96666666666667
1664,197.4333333333333
1665,205.33333333333334
1666,194.96666666666667
1667,190.20000000000002
1668,202.9
1669,172.23333333333335
1670,170.43333333333334
1671,210.26666666666665
1672,209.9
1673,177.5666666666667
1674,217.63333333333335
1675,198.6
1676,192.53333333333333
1677,226.46666666666667
1678,196.83333333333334
1679,181.20000000000002
1680,219.16666666666666
1681,194.46666666666667
1682,193.66666666666666
1683,190.86666666666665
1684,215.46666666666667
1685,202.66666666666666
1686,207.4333333333333
1687,209.69999999999996
1688,200.0666666666667
1689,208.26666666666665
1690,217.46666666666667
1691,204.36666666666667
1692,215.13333333333333
1693,188.13333333333333
1694,198.23333333333335
1695,198.53333333333333
1696,208.13333333333333
1697,199.20000000000002
1698,214.86666666666665
1699,206.66666666666666
1700,195.9666666666667
1701,196.1
1702,222.5
1703,197.83333333333334
1704,191.86666666666665
1705,178.83333333333334
1706,211.6
1707,178.53333333333333
1708,205.26666666666665
1709,191.33333333333334
1710,200.69999999999996
1711,207.5
1712,228.1
1713,213.5
1714,190.63333333333333
1715,200.0
1716,207.36666666666667
1717,227.66666666666666
1718,214.36666666666667
1719,211.73333333333335
1720,193.5
1721,210.5
1722,188.89999999999998
1723,192.96666666666667
1724,198.66666666666666
1725,200.70000000000002
1726,202.33333333333334
1727,220.70000000000002
1728,228.66666666666666
1729,247.1
1730,209.60000000000002
1731,180.5666666666667
1732,192.96666666666667
1733,195.80000000000004
1734,200.5666666666667
1735,213.19999999999996
1736,188.9
1737,196.13333333333333
1738,195.20000000000002
1739,231.4
1740,176.79999999999998
1741,284.2
1742,205.76666666666665
1743,191.23333333333335
1744,188.1
1745,209.66666666666666
1746,197.83333333333334
1747,220.1
1748,295.46666666666664
1749,269.1333333333333
1750,253.29999999999998
1751,183.66666666666666
1752,212.83333333333334
1753,234.0
1754,254.46666666666667
1755,241.4666666666667
1756,253.79999999999998
1757,228.53333333333333
1758,261.73333333333335
1759,270.3
1760,293.8666666666666
1761,250.30000000000004
1762,238.0666666666667
1763,249.20000000000002
1764,213.5
1765,196.5
1766,180.83333333333334
1767,189.86666666666667
1768,225.83333333333334
1769,188.33333333333334
1770,186.73333333333335
1771,188.4333333333333
1772,183.66666666666666
1773,192.5
1774,189.03333333333333
1775,248.33333333333334
1776,168.63333333333333
1777,221.5666666666667
1778,238.53333333333333
1779,254.80000000000004
1780,285.3666666666666
1781,211.4
1782,245.86666666666667
1783,185.1
1784,165.2
1785,203.76666666666665
1786,187.73333333333335
1787,202.83333333333334
1788,177.86666666666667
1789,241.0
1790,199.29999999999998
1791,271.8666666666667
1792,171.6
1793,215.33333333333334
1794,194.16666666666666
1795,217.4
1796,203.73333333333335
1797,205.53333333333333
1798,283.09999999999997
1799,202.0
1800,164.06666666666666
1801,236.36666666666667
1802,255.26666666666665
1803,188.5666666666667
1804,251.13333333333333
1805,203.0666666666667
1806,213.6
1807,174.4333333333333
1808,222.79999999999998
1809,263.2333333333333
1810,200.16666666666666
1811,143.76666666666668
1812,259.09999999999997
1813,193.26666666666665
1814,144.83333333333334
1815,216.73333333333335
1816,255.5
1817,188.43333333333337
1818,237.19999999999996
1819,187.80000000000004
1820,166.96666666666667
1821,190.0666666666667
1822,142.79999999999998
1823,234.76666666666665
1824,211.0666666666667
1825,138.1
1826,213.76666666666665
1827,214.0
1828,204.5
1829,208.86666666666667
1830,212.9333333333333
1831,251.70000000000002
1832,217.83333333333334
1833,246.79999999999998
1834,220.16666666666666
1835,238.9
1836,257.0333333333333
1837,280.90000000000003
1838,212.79999999999998
1839,203.66666666666666
1840,209.73333333333335
1841,240.6
1842,209.36666666666665
1843,223.66666666666666
1844,188.9
1845,217.6
1846,234.86666666666665
1847,210.9
1848,221.19999999999996
1849,209.26666666666665
1850,227.70000000000002
1851,232.4333333333333
1852,236.03333333333333
1853,229.1
1854,187.9
1855,182.5666666666667
1856,178.23333333333332
1857,240.5666666666667
1858,218.69999999999996
1859,169.0
1860,259.0333333333333
1861,225.30000000000004
1862,201.4333333333333
1863,178.19999999999996
1864,198.53333333333333
1865,231.96666666666667
1866,229.13333333333333
1867,219.76666666666665
1868,187.4333333333333
1869,214.9333333333333
1870,220.70000000000002
1871,267.7333333333333
1872,179.83333333333334
1873,190.16666666666666
1874,227.9333333333333
1875,211.26666666666665
1876,232.83333333333334
1877,199.80000000000004
1878,228.1
1879,226.03333333333333
1880,213.0666666666667
1881,213.0666666666667
1882,203.53333333333333
1883,170.83333333333334
1884,207.96666666666667
1885,203.66666666666666
1886,221.03333333333333
1887,194.63333333333335
1888,180.4666666666667
1889,227.36666666666665
1890,197.86666666666667
1891,223.33333333333334
1892,217.70000000000002
1893,216.36666666666665
1894,283.1333333333334
1895,203.83333333333334
1896,224.73333333333335
1897,241.4
1898,258.1666666666667
1899,260.5
1900,189.96666666666667
1901,199.0666666666667
1902,231.86666666666665
1903,207.03333333333333
1904,246.0
1905,241.46666666666667
1906,232.73333333333335
1907,228.6
1908,219.9
1909,158.56666666666666
1910,229.70000000000002
1911,249.20000000000002
1912,214.26666666666665
1913,258.8
1914,314.90000000000003
1915,228.5333333333333
1916,241.5
1917,234.69999999999996
1918,202.73333333333335
1919,230.83333333333334
1920,206.70000000000002
1921,240.53333333333333
1922,168.9
1923,305.7
1924,204.53333333333333
1925,224.9
1926,236.39999999999998
1927,238.1
1928,222.4333333333333
1929,205.16666666666666
1930,263.8333333333333
1931,197.0666666666667
1932,274.1333333333333
1933,239.5666666666667
1934,218.16666666666666
1935,190.13333333333333
1936,235.9
1937,257.09999999999997
1938,222.70000000000002
1939,217.70000000000002
1940,205.5
1941,231.0666666666667
1942,238.0
1943,218.1
1944,322.1666666666667
1945,210.6
1946,209.03333333333333
1947,241.66666666666666
1948,283.76666666666665
1949,222.5
1950,178.83333333333334
1951,257.6333333333334
1952,232.46666666666667
1953,186.03333333333333
1954,270.1333333333334
1955,194.33333333333334
1956,239.13333333333333
1957,240.03333333333333
1958,144.86666666666665
1959,230.29999999999998
1960,293.43333333333334
1961,231.76666666666665
1962,262.8333333333333
1963,212.5
1964,244.1
1965,202.83333333333334
1966,251.5666666666667
1967,320.8666666666667
1968,300.06666666666666
1969,248.66666666666666
1970,256.23333333333335
1971,264.96666666666664
1972,249.5333333333333
1973,279.09999999999997
1974,265.3333333333333
1975,221.36666666666667
1976,226.16666666666666
1977,253.9333333333333
1978,178.70000000000002
1979,245.0
1980,178.70000000000002
1981,262.93333333333334
1982,176.80000000000004
1983,251.20000000000002
1984,256.6333333333334
1985,173.13333333333335
1986,286.3666666666667
1987,218.26666666666665
1988,260.2
1989,217.46666666666667
1990,210.03333333333333
1991,216.46666666666667
1992,176.83333333333334
1993,252.4333333333333
1994,182.20000000000002
1995,246.53333333333333
1996,201.1
1997,168.46666666666667
1998,177.9666666666667
1999,171.1
2000,187.96666666666667
2001,193.53333333333333
2002,196.83333333333334
2003,188.5666666666667
2004,248.79999999999998
2005,178.9333333333333
2006,220.76666666666665
2007,202.4333333333333
2008,199.6
2009,199.6
2010,208.03333333333333
2011,175.0
2012,180.79999999999998
2013,185.83333333333334
2014,188.26666666666665
2015,189.76666666666665
2016,194.20000000000002
2017,222.66666666666666
2018,201.76666666666665
2019,174.4333333333333
2020,224.16666666666666
2021,345.2666666666667
2022,214.20000000000002
2023,175.63333333333333
2024,183.0
2025,210.53333333333333
2026,244.29999999999998
2027,181.63333333333333
2028,188.9
2029,183.76666666666665
2030,317.1333333333334
2031,194.70000000000002
2032,178.5
2033,379.4666666666667
2034,179.36666666666665
2035,178.63333333333333
2036,178.4
2037,200.66666666666666
2038,221.4
2039,183.79999999999998
2040,201.83333333333334
2041,177.46666666666667
2042,224.29999999999998
2043,211.63333333333335
2044,305.00000000000006
2045,270.59999999999997
2046,258.3666666666666
2047,280.56666666666666
2048,246.86666666666667
2049,270.06666666666666
2050,287.5333333333333
2051,279.6333333333333
2052,239.96666666666667
2053,253.13333333333335
2054,248.66666666666666
2055,297.93333333333334
2056,232.53333333333333
2057,262.99999999999994
2058,263.9
2059,255.86666666666667
2060,273.1666666666667
2061,259.8666666666666
2062,268.96666666666664
2063,235.1
2064,192.5666666666667
2065,249.96666666666667
2066,237.43333333333337
2067,310.4666666666667
2068,236.63333333333333
2069,239.5666666666667
2070,296.3
2071,193.9333333333333
2072,234.23333333333335
2073,287.56666666666666
2074,245.03333333333333
2075,222.33333333333334
2076,269.90000000000003
2077,284.1333333333333
2078,237.83333333333334
2079,266.0
2080,264.09999999999997
2081,244.86666666666665
2082,262.5
2083,313.90000000000003
2084,308.8333333333333
2085,252.79999999999998
2086,239.29999999999998
2087,292.73333333333335
2088,233.5
2089,274.6666666666667
2090,218.89999999999998
2091,283.7
2092,242.23333333333335
2093,284.40000000000003
2094,272.46666666666664
2095,208.73333333333335
2096,277.8
2097,313.2666666666667
2098,283.43333333333334
2099,249.76666666666665
2100,271.8666666666667
2101,230.06666666666663
2102,237.23333333333335
2103,241.86666666666665
2104,190.5666666666667
2105,251.0
2106,236.66666666666666
2107,273.8333333333333
2108,257.9666666666667
2109,293.26666666666665
2110,260.90000000000003
2111,303.5
2112,226.53333333333333
2113,265.93333333333334
2114,260.59999999999997
2115,251.96666666666667
2116,324.3666666666666
2117,284.8666666666667
2118,268.7666666666667
2119,238.63333333333333
2120,244.13333333333333
2121,276.8666666666666
2122,245.43333333333337
2123,233.5666666666667
2124,244.80000000000004
2125,268.5333333333333
2126,225.86666666666667
2127,220.9333333333333
2128,236.79999999999998
2129,232.86666666666667
2130,258.66666666666663
2131,250.79999999999998
2132,360.73333333333335
2133,274.53333333333336
2134,320.26666666666665
2135,293.46666666666664
2136,288.26666666666665
2137,286.73333333333335
2138,282.59999999999997
2139,308.5
2140,231.03333333333333
2141,304.8666666666666
2142,311.03333333333336
2143,339.5
2144,262.03333333333336
2145,227.5
2146,385.73333333333335
2147,265.0
2148,275.8333333333333
2149,350.43333333333334
2150,308.2333333333333
2151,305.8666666666667
2152,298.1333333333333
2153,299.5
2154,266.00000000000006
2155,283.7333333333333
2156,314.93333333333334
2157,273.3666666666667
2158,280.1666666666667
2159,287.03333333333336
2160,276.9
2161,283.29999999999995
2162,373.40000000000003
2163,361.0
2164,273.1333333333333
2165,317.73333333333335
2166,272.09999999999997
2167,298.56666666666666
2168,249.9333333333333
2169,315.56666666666666
2170,328.03333333333336
2171,353.8
2172,283.4666666666667
2173,239.4
2174,259.8666666666667
2175,278.59999999999997
2176,260.0
2177,317.26666666666665
2178,273.7666666666667
2179,349.73333333333335
2180,375.76666666666665
2181,314.90000000000003
2182,420.26666666666665
2183,278.1333333333333
2184,299.76666666666665
2185,349.8666666666666
2186,275.29999999999995
2187,362.3666666666666
2188,257.76666666666665
2189,382.0333333333333
2190,326.4
2191,252.6
2192,362.7
2193,310.8333333333333
2194,329.1666666666667
2195,361.23333333333335
2196,264.8666666666666
2197,286.26666666666665
2198,357.1666666666667
2199,351.7
2200,309.1666666666667
2201,324.33333333333337
2202,273.93333333333334
2203,303.2
2204,260.6666666666667
2205,306.6333333333333
2206,301.26666666666665
2207,279.40000000000003
2208,286.0
2209,218.4333333333333
2210,165.86666666666667
2211,179.5
2212,190.1
2213,201.23333333333335
2214,232.60000000000002
2215,197.70000000000002
2216,231.63333333333333
2217,168.79999999999998
2218,208.4
2219,198.36666666666667
2220,203.36666666666667
2221,208.29999999999998
2222,195.36666666666667
2223,178.5
2224,210.26666666666665
2225,192.83333333333334
2226,226.6
2227,224.76666666666665
2228,198.5
2229,193.80000000000004
2230,240.63333333333333
2231,232.4333333333333
2232,189.79999999999998
2233,193.66666666666666
2234,197.5
2235,167.96666666666667
2236,204.4666666666667
2237,189.26666666666665
2238,196.63333333333335
2239,199.0666666666667
2240,194.13333333333335
2241,200.80000000000004
2242,165.23333333333332
2243,215.20000000000002
2244,198.33333333333334
2245,209.6
2246,237.0
2247,234.0
2248,248.0666666666667
2249,246.73333333333335
2250,225.73333333333335
2251,260.56666666666666
2252,225.33333333333334
2253,182.76666666666665
2254,226.73333333333335
2255,239.86666666666665
2256,233.29999999999998
2257,233.70000000000002
2258,192.1
2259,190.73333333333335
2260,241.73333333333335
2261,230.9666666666667
2262,233.26666666666665
2263,225.80000000000004
2264,249.9
2265,212.86666666666667
2266,220.46666666666667
2267,219.5
2268,225.63333333333335
2269,214.9666666666667
2270,289.76666666666665
2271,244.73333333333335
2272,206.0666666666667
2273,240.76666666666665
2274,279.6333333333334
2275,215.4333333333333
2276,230.70000000000002
2277,231.73333333333335
2278,218.9333333333333
2279,260.59999999999997
2280,200.03333333333333
2281,260.90000000000003
2282,238.29999999999998
2283,192.9
2284,250.79999999999998
2285,208.63333333333335
2286,247.4
2287,256.59999999999997
2288,209.33333333333334
2289,224.86666666666667
2290,201.26666666666665
2291,200.29999999999998
2292,189.83333333333334
2293,247.4
2294,214.36666666666665
2295,262.9666666666667
2296,194.0
2297,216.63333333333333
2298,296.5
2299,196.4
2300,236.23333333333335
2301,234.9
2302,223.0
2303,217.5
2304,183.1
2305,248.1
2306,218.0666666666667
2307,223.86666666666667
2308,238.53333333333333
2309,228.6
2310,258.6666666666667
2311,200.76666666666665
2312,188.4
2313,206.6
2314,159.33333333333334
2315,208.36666666666667
2316,187.73333333333335
2317,234.83333333333334
2318,233.26666666666668
2319,314.3666666666667
2320,245.66666666666666
2321,304.8
2322,272.76666666666665
2323,137.03333333333333
2324,198.9333333333333
2325,232.03333333333333
2326,189.1
2327,316.1333333333334
2328,288.20000000000005
2329,320.8
2330,254.39999999999998
2331,330.43333333333334
2332,390.3999999999999
2333,344.4666666666667
2334,209.6
2335,223.80000000000004
2336,264.53333333333336
2337,325.90000000000003
2338,246.13333333333333
2339,204.6
2340,236.46666666666667
2341,292.0
2342,231.36666666666667
2343,205.36666666666667
2344,225.76666666666665
2345,218.79999999999998
2346,245.66666666666666
2347,368.3333333333333
2348,214.86666666666667
2349,363.23333333333335
2350,409.93333333333334
2351,215.36666666666667
2352,233.5666666666667
2353,233.5666666666667
2354,243.9333333333333
2355,256.09999999999997
2356,231.83333333333334
2357,226.6
2358,241.83333333333334
2359,249.9333333333333
2360,296.56666666666666
2361,260.7
2362,205.29999999999998
2363,223.73333333333335
2364,211.5
2365,292.0333333333333
2366,211.76666666666665
2367,198.20000000000002
2368,195.23333333333335
2369,227.19999999999996
2370,368.3333333333333
2371,197.16666666666666
2372,234.76666666666665
2373,227.43333333333337
2374,199.76666666666665
2375,225.26666666666665
2376,199.6
2377,312.8333333333333
2378,188.0666666666667
2379,218.1
2380,199.70000000000002
2381,192.63333333333333
2382,277.7
2383,221.36666666666667
2384,195.0666666666667
2385,257.06666666666666
2386,198.76666666666665
2387,203.5666666666667
2388,251.73333333333335
2389,193.0
2390,194.53333333333333
2391,238.29999999999998
2392,230.0
2393,219.16666666666666
2394,183.83333333333334
2395,223.20000000000002
2396,225.9
2397,238.9333333333333
2398,226.86666666666667
2399,212.53333333333333
2400,198.26666666666665
2401,207.36666666666665
2402,187.73333333333335
2403,144.16666666666666
2404,250.4
2405,192.4
2406,233.1
2407,195.10000000000002
2408,186.33333333333334
2409,271.43333333333334
2410,212.29999999999998
2411,217.46666666666667
2412,214.33333333333334
2413,26.933333333333337
2414,200.4
2415,192.10000000000002
2416,185.4333333333333
2417,212.4
2418,216.0666666666667
2419,202.4666666666667
2420,147.03333333333333
2421,172.4
2422,282.2666666666667
2423,237.66666666666666
2424,254.96666666666667
2425,171.23333333333335
2426,208.0666666666667
2427,216.26666666666668
2428,176.96666666666667
2429,256.90000000000003
2430,312.7333333333333
2431,329.59999999999997
2432,244.23333333333335
2433,200.9666666666667
2434,300.7
2435,334.53333333333336
2436,262.76666666666665
2437,402.9666666666667
2438,267.6333333333334
2439,285.23333333333335
2440,303.7666666666667
2441,333.3666666666667
2442,298.6333333333334
2443,418.1000000000001
2444,314.03333333333336
2445,376.5
2446,235.4666666666667
2447,244.26666666666665
2448,347.43333333333334
2449,292.8333333333333
2450,307.8
2451,391.0
2452,271.06666666666666
2453,280.9
2454,289.56666666666666
2455,364.3
2456,314.5
2457,273.6333333333333
2458,292.1666666666667
2459,322.59999999999997
2460,271.2
2461,246.9333333333333
2462,300.8
2463,308.76666666666665
2464,369.56666666666666
2465,292.43333333333334
2466,313.56666666666666
2467,315.06666666666666
2468,336.56666666666666
2469,274.5
2470,303.0333333333333
2471,316.43333333333334
2472,274.8666666666666
2473,257.59999999999997
2474,242.5333333333333
2475,233.96666666666667
2476,394.7666666666667
2477,345.0
2478,320.8333333333333
2479,282.09999999999997
2480,330.3333333333333
2481,205.4
2482,279.9
2483,280.40000000000003
2484,293.3333333333333
2485,308.6666666666667
2486,243.5
2487,319.79999999999995
2488,369.23333333333335
2489,309.1666666666667
2490,259.26666666666665
2491,267.6666666666667
2492,301.93333333333334
2493,266.09999999999997
2494,316.8
2495,285.1333333333333
2496,316.09999999999997
2497,277.73333333333335
2498,314.1333333333333
2499,262.46666666666664
2500,280.2666666666667
2501,275.53333333333336
2502,292.1333333333333
2503,233.36666666666667
2504,309.6666666666667
2505,246.06666666666663
2506,252.73333333333335
2507,276.8
2508,264.40000000000003
2509,267.03333333333336
2510,282.7
2511,239.4333333333333
2512,286.09999999999997
2513,254.0
2514,287.2666666666667
2515,281.1666666666667
2516,266.73333333333335
2517,293.3
2518,255.83333333333334
2519,270.53333333333336
2520,278.03333333333336
2521,274.56666666666666
2522,178.79999999999998
2523,223.9666666666667
2524,321.4666666666667
2525,262.6333333333334
2526,297.7
2527,248.4333333333333
2528,260.0333333333333
2529,304.40000000000003
2530,243.89999999999998
2531,210.5333333333333
2532,234.33333333333334
2533,220.76666666666665
2534,219.63333333333333
2535,268.1333333333333
2536,281.43333333333334
2537,228.26666666666665
2538,233.29999999999998
2539,178.76666666666665
2540,244.9333333333333
2541,257.6666666666667
2542,338.23333333333335
2543,232.0333333333333
2544,215.66666666666666
2545,172.6
2546,256.8666666666666
2547,253.6
2548,298.53333333333336
2549,325.09999999999997
2550,215.1
2551,223.76666666666665
2552,231.20000000000002
2553,282.7
2554,202.13333333333333
2555,278.8333333333333
2556,275.26666666666665
2557,311.06666666666666
2558,236.79999999999998
2559,255.9333333333333
2560,288.26666666666665
2561,281.4
2562,256.9666666666667
2563,244.29999999999998
2564,231.16666666666666
2565,287.6333333333333
2566,165.3
2567,293.3
2568,269.8
2569,201.33333333333334
2570,281.2
2571,222.9333333333333
2572,233.13333333333335
2573,247.70000000000002
2574,261.06666666666666
2575,265.53333333333336
2576,256.1666666666667
2577,272.8
2578,229.9
2579,212.79999999999998
2580,225.36666666666667
2581,253.73333333333332
2582,231.4333333333333
2583,300.3333333333333
2584,170.83333333333334
2585,242.33333333333334
2586,271.8666666666666
2587,230.66666666666666
2588,294.53333333333336
2589,265.8
2590,299.59999999999997
2591,277.5
2592,222.23333333333335
2593,193.73333333333332
2594,234.66666666666666
2595,241.1
2596,249.6
2597,324.3666666666667
2598,247.36666666666665
2599,264.76666666666665
2600,269.6666666666667
2601,264.03333333333336
2602,174.83333333333334
2603,283.8
2604,243.89999999999998
2605,262.5
2606,246.4333333333333
2607,233.86666666666665
2608,262.3666666666667
2609,186.9666666666667
2610,215.46666666666667
2611,221.5
2612,226.96666666666667
2613,307.73333333333335
2614,254.33333333333334
2615,305.1333333333334
2616,243.9
2617,209.53333333333333
2618,279.6666666666667
2619,265.6333333333333
2620,240.4
2621,245.23333333333335
2622,270.7
2623,299.90000000000003
2624,215.66666666666666
2625,255.5
2626,220.4333333333333
2627,260.46666666666664
2628,173.33333333333334
2629,241.80000000000004
2630,309.3333333333333
2631,198.29999999999998
2632,260.6333333333334
2633,250.5333333333333
2634,213.13333333333335
2635,286.7
2636,273.09999999999997
2637,321.1333333333334
2638,193.79999999999998
2639,285.53333333333336
2640,353.79999999999995
2641,227.33333333333334
2642,278.99999999999994
2643,241.19999999999996
2644,325.93333333333334
2645,177.43333333333337
2646,310.93333333333334
2647,229.76666666666665
2648,315.79999999999995
2649,253.86666666666667
2650,277.09999999999997
2651,294.23333333333335
2652,282.86666666666673
2653,201.79999999999998
2654,205.46666666666667
2655,230.86666666666665
2656,205.83333333333334
2657,208.33333333333334
2658,243.9666666666667
2659,217.73333333333335
2660,295.53333333333336
2661,242.16666666666666
2662,220.9333333333333
2663,309.8666666666666
2664,265.73333333333335
2665,228.5
2666,231.79999999999998
2667,259.3
2668,234.33333333333334
2669,326.0
2670,273.8666666666666
2671,250.4333333333333
2672,252.63333333333333
2673,198.4
2674,173.16666666666666
2675,267.26666666666665
2676,258.7666666666667
2677,259.9
2678,274.90000000000003
2679,254.9333333333333
2680,187.96666666666667
2681,266.5333333333333
2682,212.83333333333334
2683,266.06666666666666
2684,246.53333333333333
2685,214.46666666666667
2686,242.9666666666667
2687,224.46666666666667
2688,222.03333333333333
2689,224.5666666666667
2690,237.63333333333333
2691,262.96666666666664
2692,293.3666666666666
2693,219.4
2694,235.86666666666667
2695,301.43333333333334
2696,273.0
2697,268.3666666666667
2698,281.73333333333335
2699,338.8333333333333
2700,273.06666666666666
2701,221.9
2702,291.76666666666665
2703,250.33333333333334
2704,347.0333333333333
2705,294.09999999999997
2706,257.73333333333335
2707,226.1
2708,233.5
2709,243.03333333333333
2710,379.1666666666667
2711,332.96666666666664
2712,145.20000000000002
2713,284.73333333333335
2714,231.20000000000002
2715,226.13333333333333
2716,221.63333333333333
2717,328.09999999999997
2718,242.83333333333334
2719,230.5333333333333
2720,293.2
2721,281.46666666666664
2722,214.4
2723,252.6
2724,274.8
2725,299.6333333333334
2726,282.6666666666667
2727,257.26666666666665
2728,252.86666666666667
2729,205.86666666666667
2730,229.23333333333335
2731,216.70000000000002
2732,276.06666666666666
2733,272.3333333333333
2734,237.73333333333332
2735,269.56666666666666
2736,230.29999999999998
2737,228.4666666666667
2738,299.53333333333336
2739,261.3666666666667
2740,252.1
2741,229.83333333333334
2742,252.0
2743,218.13333333333333
2744,278.43333333333334
2745,224.13333333333333
2746,281.93333333333334
2747,272.43333333333334
2748,279.90000000000003
2749,223.76666666666665
2750,167.20000000000002
2751,302.6666666666667
2752,318.03333333333336
2753,286.8666666666667
2754,247.70000000000002
2755,234.20000000000002
2756,229.0666666666667
2757,283.06666666666666
2758,222.33333333333334
2759,235.33333333333334
2760,233.33333333333334
2761,273.56666666666666
2762,201.0666666666667
2763,204.13333333333333
2764,286.8
2765,288.3
2766,263.43333333333334
2767,264.7
2768,202.69999999999996
2769,169.56666666666666
2770,225.5
2771,276.93333333333334
2772,262.4666666666667
2773,274.5
2774,241.96666666666667
2775,297.9666666666667
2776,201.16666666666666
2777,285.9666666666667
2778,219.76666666666665
2779,240.16666666666666
2780,191.5
2781,235.83333333333334
2782,179.9
2783,212.9333333333333
2784,202.4
2785,270.1666666666667
2786,190.46666666666667
2787,181.96666666666667
2788,165.79999999999998
2789,204.96666666666667
2790,206.53333333333333
2791,197.33333333333334
2792,204.4
2793,226.5666666666667
2794,185.5
2795,198.86666666666667
2796,164.9
2797,201.9
2798,222.73333333333335
2799,153.73333333333335
2800,204.23333333333335
2801,229.26666666666665
2802,205.9333333333333
2803,180.6
2804,146.70000000000002
2805,203.86666666666667
2806,226.70000000000002
2807,201.83333333333334
2808,223.86666666666665
2809,215.4
2810,166.5666666666667
2811,213.73333333333335
2812,216.63333333333335
2813,189.79999999999998
2814,194.69999999999996
2815,205.96666666666667
2816,229.0666666666667
2817,233.39999999999998
2818,198.83333333333334
2819,198.4
2820,201.73333333333335
2821,286.2
2822,154.96666666666667
2823,148.39999999999998
2824,262.3666666666667
2825,245.79999999999998
2826,233.86666666666665
2827,249.23333333333335
2828,128.39999999999998
2829,189.6
2830,220.5666666666667
2831,213.63333333333333
2832,277.1333333333333
2833,212.1
2834,307.0
2835,297.0
2836,291.40000000000003
2837,209.13333333333335
2838,278.59999999999997
2839,222.46666666666667
2840,211.6
2841,214.76666666666665
2842,211.79999999999998
2843,266.0333333333333
2844,214.13333333333333
2845,225.36666666666667
2846,203.46666666666667
2847,223.86666666666667
2848,255.66666666666666
2849,374.3666666666666
2850,199.5
2851,187.63333333333333
2852,201.29999999999998
2853,339.56666666666666
2854,286.2
2855,219.6
2856,356.2666666666667
2857,229.03333333333333
2858,124.60000000000001
2859,211.6
2860,154.33333333333334
2861,171.1
2862,208.66666666666666
2863,182.26666666666665
2864,208.13333333333333
2865,399.09999999999997
2866,208.23333333333335
2867,201.86666666666665
2868,317.0
2869,260.76666666666665
2870,239.96666666666667
2871,202.4
2872,208.5
2873,207.03333333333333
2874,341.3666666666666
2875,258.76666666666665
2876,248.79999999999998
2877,205.23333333333335
2878,225.26666666666665
2879,205.66666666666666
2880,240.79999999999998
2881,195.36666666666667
2882,310.06666666666666
2883,222.76666666666665
2884,166.79999999999998
2885,236.66666666666666
2886,193.73333333333335
2887,223.13333333333333
2888,242.0
2889,268.16666666666663
2890,259.1666666666667
2891,135.8
2892,217.36666666666667
2893,281.2
2894,279.0
2895,209.43333333333337
2896,221.83333333333334
2897,125.56666666666668
2898,479.3
2899,240.76666666666665
2900,267.1333333333334
2901,245.86666666666667
2902,205.76666666666665
2903,229.66666666666666
2904,211.9
2905,254.76666666666665
2906,285.8
2907,268.56666666666666
2908,231.5
2909,306.40000000000003
2910,311.6333333333333
2911,201.29999999999998
2912,237.4666666666667
2913,237.80000000000004
2914,383.90000000000003
2915,228.76666666666665
2916,212.76666666666665
2917,279.59999999999997
2918,200.6
2919,262.06666666666666
2920,177.4333333333333
2921,154.5666666666667
2922,262.8333333333333
2923,281.3333333333333
2924,186.9333333333333
2925,237.46666666666667
2926,236.0
2927,203.9666666666667
2928,294.83333333333337
2929,204.9333333333333
2930,197.56666666666663
2931,276.3666666666666
2932,267.43333333333334
2933,266.1
2934,204.5
2935,276.23333333333335
2936,237.86666666666667
2937,184.86666666666665
2938,190.53333333333333
2939,256.6666666666667
2940,234.36666666666665
2941,227.0666666666667
2942,266.2333333333333
2943,280.99999999999994
2944,199.1
2945,228.66666666666666
2946,237.9333333333333
2947,248.5
2948,216.9
2949,172.9
2950,215.9
2951,298.3666666666667
2952,277.73333333333335
2953,169.06666666666666
2954,203.6
2955,207.76666666666665
2956,192.83333333333334
2957,166.63333333333335
2958,190.76666666666665
2959,201.53333333333333
2960,197.96666666666667
2961,236.26666666666665
2962,175.73333333333335
2963,202.46666666666667
2964,190.69999999999996
2965,208.86666666666665
2966,213.13333333333335
2967,221.70000000000002
2968,177.20000000000002
2969,178.29999999999998
2970,160.53333333333333
2971,200.73333333333335
2972,183.5
2973,173.4
2974,242.86666666666667
2975,197.86666666666667
2976,206.4333333333333
2977,193.0333333333333
2978,249.33333333333334
2979,192.66666666666666
2980,218.23333333333335
2981,131.4333333333333
2982,187.0333333333333
2983,178.53333333333333
2984,176.63333333333335
2985,193.13333333333333
2986,193.6
2987,183.0
2988,232.66666666666666
2989,186.63333333333333
2990,175.70000000000002
2991,205.36666666666667
2992,249.5
2993,249.86666666666667
2994,231.86666666666667
2995,282.6333333333333
2996,235.13333333333333
2997,264.26666666666665
2998,250.66666666666666
2999,241.4333333333333
3000,257.6333333333333
3001,220.19999999999996
3002,280.5333333333333
3003,251.9666666666667
3004,241.70000000000002
3005,258.3333333333333
3006,215.13333333333335
3007,282.93333333333334
3008,226.0333333333333
3009,281.8333333333333
3010,257.06666666666666
3011,210.0
3012,259.56666666666666
3013,310.3333333333333
3014,270.8666666666666
3015,318.9
3016,299.8
3017,251.5666666666667
3018,260.8666666666667
3019,302.3333333333333
3020,275.33333333333337
3021,259.53333333333336
3022,335.8
3023,223.79999999999998
3024,254.5
3025,234.0
3026,258.03333333333336
3027,266.03333333333336
3028,203.0333333333333
3029,257.73333333333335
3030,242.19999999999996
3031,247.03333333333333
3032,254.4333333333333
3033,301.2
3034,235.66666666666666
3035,256.8666666666666
3036,253.1
3037,279.26666666666665
3038,263.76666666666665
3039,251.4
3040,230.73333333333335
3041,239.63333333333333
3042,240.66666666666666
3043,253.0666666666667
3044,264.7
3045,256.76666666666665
3046,262.59999999999997
3047,309.6
3048,206.0
3049,246.83333333333334
3050,204.03333333333333
3051,187.96666666666667
3052,218.26666666666665
3053,209.6
3054,194.16666666666666
3055,203.5
3056,209.0
3057,207.53333333333333
3058,202.86666666666667
3059,191.9333333333333
3060,162.4
3061,233.63333333333333
3062,186.16666666666666
3063,196.73333333333335
3064,199.5666666666667
3065,210.33333333333334
3066,228.70000000000002
3067,206.4333333333333
3068,233.03333333333333
3069,196.29999999999998
3070,197.20000000000002
3071,253.76666666666665
3072,188.0666666666667
3073,237.4333333333333
3074,206.13333333333333
3075,209.1
3076,204.16666666666666
3077,232.53333333333333
3078,194.0
3079,192.9
3080,189.29999999999998
3081,216.6
3082,209.9
3083,216.73333333333335
3084,202.96666666666667
3085,265.7
3086,202.13333333333333
3087,232.13333333333333
3088,250.63333333333335
3089,202.13333333333333
3090,230.66666666666666
3091,218.36666666666665
3092,203.6
3093,182.23333333333335
3094,204.83333333333334
3095,190.9
3096,199.79999999999998
3097,185.33333333333334
3098,224.4
3099,233.9
3100,199.9666666666667
3101,222.9
3102,215.56666666666663
3103,198.19999999999996
3104,222.0
3105,219.46666666666667
3106,224.33333333333334
3107,181.33333333333334
3108,206.5
3109,212.79999999999998
3110,202.76666666666665
3111,230.79999999999998
3112,206.29999999999998
3113,204.4
3114,199.0
3115,172.0
3116,231.4
3117,213.19999999999996
3118,184.4
3119,198.63333333333333
3120,175.26666666666665
3121,226.76666666666665
3122,204.1
3123,209.76666666666665
3124,200.6
3125,202.63333333333333
3126,222.03333333333333
3127,185.4
3128,216.20000000000002
3129,207.80000000000004
3130,175.96666666666667
3131,203.9333333333333
3132,206.86666666666667
3133,195.03333333333333
3134,197.33333333333334
3135,183.76666666666665
3136,200.96666666666667
3137,165.26666666666665
3138,231.39999999999998
3139,114.36666666666667
3140,224.70000000000002
3141,212.33333333333334
3142,199.0
